{
  "project_info": {
    "project_number": "907311047682",
    "project_id": "wia2007-6a8ba",
    "storage_bucket": "wia2007-6a8ba.firebasestorage.app"
  },
  "client": [
    {
      "client_info": {
        "mobilesdk_app_id": "1:907311047682:android:18fd0d54425d361251b31b",
        "android_client_info": {
          "package_name": "com.example.myapplication"
        }
      },
      "oauth_client": [],
      "api_key": [
        {
          "current_key": "AIzaSyAHzCN_Q2wgO-mxBgmaItAYHQn1Ce5KMpM"
        }
      ],
      "services": {
        "appinvite_service": {
          "other_platform_oauth_client": []
        }
      }
    }
  ],
  "configuration_version": "1"
}